,least_confidence,margin
least_confidence,100.0,25.41436464088398
margin,25.41436464088398,100.0
